Geo_FIPS,Geo_GEOID,Geo_NAME,Geo_STUSAB,STATE,YEAR,POPULATION,POPULATIONSE,POPULATIONMIN,POPULATIONMAX,DRIVE,DRIVESE,DRIVEMIN,DRIVEMAX,TRAVELTIME,TRAVELTIMESE,TRAVELTIMEMIN,TRAVELTIMEMAX,DEGREE,DEGREESE,DEGREEMIN,DEGREEMAX,AVGINCOME,AVGINCOMESE,AVGINCOMEMIN,AVGINCOMEMAX,MEDINCOME,MEDINCOMESE,MEDINCOMEMIN,MEDINCOMEMAX,HOUSEHOLDS,HOUSEHOLDSSE,HOUSEHOLDSMIN,HOUSEHOLDSMAX,OWN,OWNSE,OWNMIN,OWNMAX,RENT,RENTSE,RENTMIN,RENTMAX,WHITE,WHITEMIN,WHITEMAX,AFAM,AFAMSE,AFAMMIN,AFAMMAX,ASIAN,ASIANSE,ASIANMIN,ASIANMAX,OTHERRACE,OTHERRACESE,OTHERRACEMIN,OTHERRACEMAX,SIZE,SIZESE,SIZEMIN,SIZEMAX,ROOMS,ROOMSSE,ROOMSMIN,ROOMSMAX,DETACHED,DETACHEDSE,DETACHEDMIN,DETACHEDMAX,YEARBUILT,YEARBUILTSE,YEARBUILTMIN,YEARBUILTMAX,HEATGAS,HEATGASSE,HEATGASMIN,HEATGASMAX,HEATKWH,HEATKWHSE,HEATKWHMIN,HEATKWHMAX,NOHEAT,NOHEATSE,NOHEATMIN,NOHEATMAX,VEHICLES,VEHICLESSE,VEHICLESMIN,VEHICLESMAX,Battey Electric,Diesel,Diesel Hybrid,Ethanol,Fuel Cell,Gasoline,Hybrid Gas,Plug-in Hybrid,Butane,Compressed Natural Gas,Methanol,Methane,Natural Gas,Propane,Grand Total,Battey Electric,Diesel,Diesel Hybrid,Ethanol,Fuel Cell,Gasoline,Hybrid Gas,Plug-in Hybrid,Butane,Compressed Natural Gas,Methanol,Methane,Natural Gas,Propane,Grand Total,%BEV-PEV
6001,05000US06001,"Alameda County, California",ca,California,2014,1605217,0,1605217,1605217,0.625727463,0.006106458,0.619621006,0.631833921,38.86995214,0.136215719,38.73373642,39.00616786,0.865851605,2.23E-05,0.865829324,0.865873887,99676.97189,168.7183977,99508.25349,99845.69029,79831,447.8787879,79383.12121,80278.87879,1605217,0.012121212,1605216.988,1605217.012,0.525673719,0.002892941,0.522780778,0.52856666,0.474326281,0.002711067,0.471615214,0.477037348,0.498434324,0.496528634,0.500340014,0.133026637,0.001193192,0.131833445,0.134219828,0.252521297,0.001431455,0.251089841,0.253952752,0.156480764,0.00185226,0.154628504,0.158333025,2.79,0.012121212,2.777878788,2.802121212,5.055884318,0.005124478,5.050759839,5.061008796,0.52976572,0.002134257,0.527631463,0.531899978,1963.357967,0.963509224,1962.394458,1964.321476,0.720021336,0.002854457,0.717166879,0.722875793,0.248906153,0.002336693,0.24656946,0.251242847,0.021518963,0.00074733,0.020771632,0.022266293,1.791473578,0.005587729,1.785885849,1.797061308,"14,904","38,103",36,"53,198",170,"1,048,019","62,088","10,342",1,91,195,0,"1,173",56,"1,228,376",1.21%,3.10%,0.00%,4.33%,0.01%,85.32%,5.05%,0.84%,0.00%,0.01%,0.02%,0.00%,0.10%,0.00%,100.00%,1.21%
6003,05000US06003,"Alpine County, California",ca,California,2014,1184,115.7575758,1068.242424,1299.757576,0.630922693,0.21133736,0.419585333,0.842260053,27.48656716,3.683166268,23.8034009,31.16973343,0.685131195,0.199241369,0.485889826,0.884372564,75154.51895,9162.756088,65991.76286,84317.27504,62375,3629.69697,58745.30303,66004.69697,1184,0.442424242,1183.557576,1184.442424,0.816326531,0.146705851,0.66962068,0.963032381,0.183673469,0.052701555,0.130971914,0.236375024,0.825072886,0.681471288,0.968674485,0,NA,NA,NA,0.011661808,0.010696557,0.00096525,0.022358365,0.224489796,0.072486219,0.152003576,0.296976015,3.34,0.442424242,2.897575758,3.782424242,4.814229249,0.091105966,4.723123283,4.905335215,0.639751553,0.027338068,0.612413485,0.66708962,1982.461604,29.17235289,1953.289251,2011.633957,0.451895044,0.089352694,0.362542349,0.541247738,0.055393586,0.022252853,0.033140733,0.077646439,0.002915452,0.003551712,-0.00063626,0.006467164,1.959183673,0.265250826,1.693932848,2.224434499,2,177,0,92,0,"1,570",30,1,0,0,0,0,0,0,"1,872",0.11%,9.46%,0.00%,4.91%,0.00%,83.87%,1.60%,0.05%,0.00%,0.00%,0.00%,0.00%,0.00%,0.00%,100.00%,0.11%
6005,05000US06005,"Amador County, California",ca,California,2014,36963,0,36963,36963,0.801656281,0.044995952,0.756660329,0.846652233,35.89542768,1.120329995,34.77509768,37.01575767,0.434025828,0.003338075,0.430687754,0.437363903,68831.90623,1376.099397,67455.80684,70208.00563,57032,1967.878788,55064.12121,58999.87879,36963,0.042424242,36962.95758,36963.04242,0.756457047,0.025374249,0.731082798,0.781831295,0.243542953,0.017003514,0.226539439,0.260546468,0.939149354,0.913581457,0.964717251,0.001263335,0.000808589,0.000454746,0.002071924,0.006807973,0.001367957,0.005440016,0.00817593,0.072220663,0.009987954,0.062232709,0.082208616,2.31,0.042424242,2.267575758,2.352424242,5.605724331,0.043182435,5.562541896,5.648906766,0.836675273,0.011678483,0.824996791,0.848353756,1976.527853,11.12152184,1965.406331,1987.649374,0.57657215,0.024667818,0.551904332,0.601239969,0.177568782,0.013040771,0.164528011,0.190609552,0.005895564,0.002299995,0.003595569,0.008195559,2.116367209,0.05367291,2.062694299,2.170040119,51,"4,319",0,"2,534",0,"36,766",753,58,0,0,7,0,12,13,"44,513",0.11%,9.70%,0.00%,5.69%,0.00%,82.60%,1.69%,0.13%,0.00%,0.00%,0.02%,0.00%,0.03%,0.03%,100.00%,0.11%
6007,05000US06007,"Butte County, California",ca,California,2014,223877,0,223877,223877,0.751037628,0.0181067,0.732930927,0.769144328,23.57688358,0.260427783,23.3164558,23.83731137,0.441529735,0.000631075,0.44089866,0.44216081,61465.28273,431.7457616,61033.53697,61897.02849,44366,685.4545455,43680.54545,45051.45455,223877,0.018181818,223876.9818,223877.0182,0.585357581,0.007577573,0.577780009,0.592935154,0.414642419,0.007278008,0.407364411,0.421920427,0.884123735,0.874667932,0.893579539,0.010139758,0.001143391,0.008996367,0.011283149,0.027729373,0.001712238,0.026017135,0.02944161,0.115759312,0.003700243,0.11205907,0.119459555,2.55,0.018181818,2.531818182,2.568181818,5.174407515,0.015885674,5.158521841,5.190293189,0.625578128,0.005319118,0.62025901,0.630897246,1974.639397,3.767747219,1970.87165,1978.407144,0.615893807,0.008826197,0.607067611,0.624720004,0.267118882,0.007757791,0.259361091,0.274876673,0.00580083,0.001099397,0.004701433,0.006900228,1.846944623,0.018623677,1.828320946,1.8655683,238,"13,287",0,"11,289",0,"153,132","4,107",245,0,15,48,0,49,13,"182,423",0.13%,7.28%,0.00%,6.19%,0.00%,83.94%,2.25%,0.13%,0.00%,0.01%,0.03%,0.00%,0.03%,0.01%,100.00%,0.13%
6009,05000US06009,"Calaveras County, California",ca,California,2014,44787,0,44787,44787,0.779806189,0.044270405,0.735535785,0.824076594,41.48163708,1.203377039,40.27826004,42.68501412,0.386439338,0.0035975,0.382841838,0.390036838,72164.65308,1232.108651,70932.54443,73396.76173,53502,2370.909091,51131.09091,55872.90909,44787,0.042424242,44786.95758,44787.04242,0.770225258,0.021987181,0.748238077,0.79221244,0.229774742,0.016586173,0.213188569,0.246360915,0.941342517,0.917059812,0.965625222,0.003782533,0.002430165,0.001352368,0.006212697,0.011573421,0.002437329,0.009136091,0.01401075,0.068424321,0.008293083,0.060131238,0.076717404,2.5,0.042424242,2.457575758,2.542424242,5.312268716,0.025382384,5.286886332,5.337651101,0.871299459,0.008328024,0.862971435,0.879627483,1981.344826,3.375559481,1977.969267,1984.720386,0.566984701,0.023407279,0.543577422,0.590391979,0.160616496,0.012485624,0.148130873,0.17310212,0.00158076,0.001163643,0.000417117,0.002744403,2.180714729,0.047412297,2.133302433,2.228127026,75,"6,109",0,"3,242",0,"47,294",990,81,0,0,14,0,8,3,"57,816",0.13%,10.57%,0.00%,5.61%,0.00%,81.80%,1.71%,0.14%,0.00%,0.00%,0.02%,0.00%,0.01%,0.01%,100.00%,0.13%
6011,05000US06011,"Colusa County, California",ca,California,2014,21361,0,21361,21361,0.76677102,0.042255965,0.724515054,0.809026985,29.70477535,0.76555698,28.93921837,30.47033233,0.277506464,0.003667483,0.273838981,0.281173947,68863.83223,1198.95593,67664.8763,70062.78816,54946,2021.818182,52924.18182,56967.81818,21361,0.054545455,21360.94545,21361.05455,0.644785981,0.023871159,0.620914822,0.66865714,0.355214019,0.021955757,0.333258262,0.377169776,0.880925022,0.856184577,0.905665466,0.014220052,0.004098959,0.010121093,0.01831901,0.019534616,0.003498677,0.01603594,0.023033293,0.10284401,0.011931638,0.090912372,0.114775648,3.04,0.054545455,2.985454545,3.094545455,5.4773901,0.041524629,5.43586547,5.518914729,0.785489356,0.01700668,0.768482676,0.802496037,1970.05643,7.820544033,1962.235886,1977.876974,0.606722206,0.025111255,0.581610951,0.631833462,0.278942833,0.01874694,0.260195893,0.297689772,0.009623671,0.00426887,0.005354802,0.013892541,2.19419707,0.05344445,2.14075262,2.24764152,13,"2,527",0,"2,072",0,"16,322",205,10,0,0,9,0,2,6,"21,166",0.06%,11.94%,0.00%,9.79%,0.00%,77.11%,0.97%,0.05%,0.00%,0.00%,0.04%,0.00%,0.01%,0.03%,100.00%,0.06%
6013,05000US06013,"Contra Costa County, California",ca,California,2014,1107925,0,1107925,1107925,0.682422347,0.006736197,0.67568615,0.689158544,44.0910748,0.184188665,43.90688613,44.27526346,0.782324405,3.60E-05,0.782288431,0.782360379,102992.264,193.1182465,102799.1458,103185.3823,82881,596.3636364,82284.63636,83477.36364,1107925,0.006060606,1107924.994,1107925.006,0.645236621,0.003413457,0.641823164,0.648650078,0.354763379,0.002994557,0.351768823,0.357757936,0.659119059,0.656305836,0.661932281,0.089967487,0.001776759,0.088190728,0.091744246,0.140816432,0.001298551,0.139517881,0.142114983,0.150740569,0.002503914,0.148236655,0.153244482,2.83,0.006060606,2.823939394,2.836060606,5.76792944,0.006243295,5.761686145,5.774172735,0.668748756,0.002216091,0.666532664,0.670964847,1974.536015,0.811923958,1973.724091,1975.347939,0.707795324,0.003843503,0.703951821,0.711638828,0.264615266,0.003259549,0.261355716,0.267874815,0.013983073,0.000901168,0.013081904,0.014884241,1.998015689,0.00698291,1.991032779,2.004998599,"6,856","28,399",9,"49,284",90,"796,331","40,023","6,437",0,69,109,1,539,59,"928,206",0.74%,3.06%,0.00%,5.31%,0.01%,85.79%,4.31%,0.69%,0.00%,0.01%,0.01%,0.00%,0.06%,0.01%,100.00%,0.74%
6015,05000US06015,"Del Norte County, California",ca,California,2014,27628,0,27628,27628,0.740233444,0.06365002,0.676583425,0.803883464,17.63304149,0.712112144,16.92092935,18.34515364,0.306152706,0.006090247,0.300062459,0.312242952,55908.29186,1288.180553,54620.1113,57196.47241,42363,2298.181818,40064.81818,44661.18182,27628,0.054545455,27627.94545,27628.05455,0.608704861,0.028692052,0.580012808,0.637396913,0.391295139,0.02576121,0.365533929,0.417056349,0.83871651,0.809664106,0.867768913,0.006777507,0.003469287,0.00330822,0.010246794,0.01969713,0.005282369,0.014414761,0.024979499,0.179180345,0.016182865,0.162997481,0.19536321,2.55,0.054545455,2.495454545,2.604545455,5.124845488,0.046710042,5.078135446,5.171555531,0.647183472,0.017260326,0.629923146,0.664443797,1976.182589,10.57473233,1965.607856,1986.757321,0.102615694,0.014103331,0.088512363,0.116719025,0.588160542,0.028013209,0.560147333,0.616173752,0.011331145,0.005141109,0.006190036,0.016472253,1.731229482,0.056534351,1.674695131,1.787763833,19,"1,913",0,"1,485",0,"17,190",291,32,0,0,11,0,5,0,"20,946",0.09%,9.13%,0.00%,7.09%,0.00%,82.07%,1.39%,0.15%,0.00%,0.00%,0.05%,0.00%,0.02%,0.00%,100.00%,0.09%
6017,05000US06017,"El Dorado County, California",ca,California,2014,183000,0,183000,183000,0.770533533,0.016232335,0.754301198,0.786765868,33.91757936,0.367797091,33.54978227,34.28537645,0.636432295,0.001501162,0.634931133,0.637933456,91937.77396,551.1916316,91386.58233,92488.96559,72586,1064.242424,71521.75758,73650.24242,183000,0.018181818,182999.9818,183000.0182,0.749526122,0.008531154,0.740994969,0.758057276,0.250473878,0.005971756,0.244502122,0.256445633,0.905757612,0.897358107,0.914157116,0.006649094,0.001140516,0.005508578,0.00778961,0.032016349,0.001805224,0.030211125,0.033821573,0.080159341,0.004609302,0.075550039,0.084768643,2.68,0.018181818,2.661818182,2.698181818,5.696361468,0.013289878,5.68307159,5.709651346,0.80696879,0.005455071,0.801513719,0.812423862,1979.616958,1.768340003,1977.848618,1981.385298,0.590007108,0.010563787,0.579443321,0.600570896,0.216413932,0.006564538,0.209849394,0.22297847,0.003850255,0.001077242,0.002773013,0.004927496,2.155461438,0.018997181,2.136464257,2.174458619,622,"13,756",0,"9,975",8,"152,103","4,615",770,0,3,25,0,29,16,"181,922",0.34%,7.56%,0.00%,5.48%,0.00%,83.61%,2.54%,0.42%,0.00%,0.00%,0.01%,0.00%,0.02%,0.01%,100.00%,0.34%
6019,05000US06019,"Fresno County, California",ca,California,2014,963160,0,963160,963160,0.769729354,0.00891531,0.760814044,0.778644664,26.74661227,0.147771065,26.59884121,26.89438334,0.38160865,9.62E-05,0.381512423,0.381704877,63284.01,159.2018669,63124.80814,63443.21187,45963,400.6060606,45562.39394,46363.60606,963160,0.012121212,963159.9879,963160.0121,0.525042076,0.004148282,0.520893795,0.529190358,0.474957924,0.004005457,0.470952466,0.478963381,0.66788777,0.664361217,0.671414323,0.056853094,0.001112244,0.055740849,0.057965338,0.080916729,0.001451296,0.079465433,0.082368025,0.22229977,0.003119737,0.219180033,0.225419508,3.16,0.012121212,3.147878788,3.172121212,5.29998734,0.007047249,5.292940091,5.307034589,0.674603297,0.003031444,0.671571853,0.677634741,1976.350857,0.980129046,1975.370728,1977.330986,0.600395384,0.004380572,0.596014812,0.604775955,0.356519823,0.003148059,0.353371764,0.359667882,0.010779547,0.000747301,0.010032246,0.011526848,1.783049931,0.008216104,1.774833827,1.791266035,"2,494","37,024",63,"52,224",0,"590,104","11,914","1,046",2,87,122,5,487,69,"695,641",0.36%,5.32%,0.01%,7.51%,0.00%,84.83%,1.71%,0.15%,0.00%,0.01%,0.02%,0.00%,0.07%,0.01%,100.00%,0.36%
6021,05000US06021,"Glenn County, California",ca,California,2014,27976,0,27976,27976,0.773623989,0.046275001,0.727348988,0.81989899,26.6088622,0.709340322,25.89952188,27.31820252,0.231506989,0.002215354,0.229291635,0.233722343,54599.58168,881.2020316,53718.37964,55480.78371,41699,2235.151515,39463.84849,43934.15152,27976,0.042424242,27975.95758,27976.04242,0.574941333,0.020411131,0.554530201,0.595352464,0.425058667,0.020127199,0.404931468,0.445185867,0.886236098,0.863586739,0.908885458,0.001938578,0.00191719,2.14E-05,0.003855768,0.018467503,0.003660514,0.014806989,0.022128018,0.106315682,0.011771874,0.094543808,0.118087556,2.82,0.042424242,2.777575758,2.862424242,5.274277854,0.037288685,5.236989169,5.311566539,0.71737735,0.015781449,0.7015959,0.733158799,1971.149885,6.244429032,1964.905456,1977.394314,0.555351495,0.025980985,0.52937051,0.58133248,0.27456382,0.020519258,0.254044562,0.295083078,0.001020304,0.000804045,0.000216259,0.001824349,1.94449546,0.048580509,1.895914951,1.993075969,16,"3,297",0,"2,203",0,"21,682",267,18,0,0,5,0,2,5,"27,495",0.06%,11.99%,0.00%,8.01%,0.00%,78.86%,0.97%,0.07%,0.00%,0.00%,0.02%,0.00%,0.01%,0.02%,100.00%,0.06%
6023,05000US06023,"Humboldt County, California",ca,California,2014,135182,0,135182,135182,0.724356415,0.020139004,0.704217411,0.744495419,21.86933612,0.267856017,21.60148011,22.13719214,0.477900501,0.001363161,0.47653734,0.479263662,56686.02507,405.6915888,56280.33348,57091.71666,42685,779.3939394,41905.60606,43464.39394,135182,0.018181818,135181.9818,135182.0182,0.553223193,0.009203418,0.544019775,0.562426611,0.446776807,0.009505596,0.437271211,0.456282403,0.862206411,0.852488984,0.871923838,0.010598074,0.001852844,0.00874523,0.012450918,0.019221815,0.001260537,0.017961278,0.020482351,0.14725549,0.005999601,0.141255889,0.153255091,2.44,0.018181818,2.421818182,2.458181818,4.948610265,0.01905352,4.929556745,4.967663786,0.689609848,0.007826441,0.681783408,0.697436289,1965.995584,4.373707038,1961.621877,1970.369291,0.634524763,0.010837141,0.623687621,0.645361904,0.148112276,0.007737745,0.140374531,0.155850022,0.015589786,0.002339352,0.013250433,0.017929138,1.81262456,0.021496482,1.791128078,1.834121042,342,"12,903",0,"6,438",0,"98,164","3,101",693,0,0,27,0,24,10,"121,702",0.28%,10.60%,0.00%,5.29%,0.00%,80.66%,2.55%,0.57%,0.00%,0.00%,0.02%,0.00%,0.02%,0.01%,100.00%,0.28%
6025,05000US06025,"Imperial County, California",ca,California,2014,178807,0,178807,178807,0.808148278,0.019901783,0.788246495,0.828050061,24.78995883,0.32263282,24.46732601,25.11259165,0.328144105,0.00089729,0.327246815,0.329041395,58020.41485,597.3254304,57423.08942,58617.74028,42560,961.8181818,41598.18182,43521.81818,178807,0.036363636,178806.9636,178807.0364,0.557729258,0.011328706,0.546400552,0.569057963,0.442270742,0.011269131,0.431001611,0.453539874,0.747161572,0.733106028,0.761217117,0.018820961,0.002666834,0.016154127,0.021487795,0.017358079,0.001703195,0.015654884,0.019061273,0.252729258,0.010151081,0.242578177,0.262880338,3.68,0.036363636,3.643636364,3.716363636,5.148666221,0.018706908,5.129959314,5.167373129,0.641883105,0.007827413,0.634055692,0.649710519,1981.613679,3.54560464,1978.068074,1985.159283,0.296550218,0.010499203,0.286051015,0.307049422,0.57720524,0.012243997,0.564961243,0.589449237,0.119082969,0.00745886,0.11162411,0.126541829,1.89731441,0.027158586,1.870155824,1.924472997,116,"8,702",1,"12,589",0,"143,862","1,385",79,0,4,43,0,104,15,"166,900",0.07%,5.21%,0.00%,7.54%,0.00%,86.20%,0.83%,0.05%,0.00%,0.00%,0.03%,0.00%,0.06%,0.01%,100.00%,0.07%
6027,05000US06027,"Inyo County, California",ca,California,2014,18326,0,18326,18326,0.689501669,0.042160176,0.647341493,0.731661845,20.46009269,0.423112914,20.03697977,20.8832056,0.406496927,0.003723998,0.402772929,0.410220925,64397.59187,817.4861257,63580.10575,65215.078,47278,2090.30303,45187.69697,49368.30303,18326,0.03030303,18325.9697,18326.0303,0.652702872,0.016650616,0.636052256,0.669353488,0.347297128,0.01744153,0.329855598,0.364738657,0.852251348,0.836311442,0.868191255,0.003261006,0.001672823,0.001588183,0.004933829,0.011915214,0.003651812,0.008263402,0.015567026,0.146243572,0.009614349,0.136629223,0.155857922,2.22,0.03030303,2.18969697,2.25030303,5.055292757,0.03504081,5.020251947,5.090333568,0.621570482,0.01320951,0.608360973,0.634779992,1971.128613,6.278974459,1964.849639,1977.407588,0.387558008,0.020385248,0.36717276,0.407943256,0.232033112,0.019831606,0.212201505,0.251864718,0.002759313,0.001748676,0.001010637,0.004507988,1.866173335,0.04139144,1.824781895,1.907564775,35,"2,098",0,"1,312",0,"17,691",314,21,0,0,8,0,8,0,"21,487",0.16%,9.76%,0.00%,6.11%,0.00%,82.33%,1.46%,0.10%,0.00%,0.00%,0.04%,0.00%,0.04%,0.00%,100.00%,0.16%
6029,05000US06029,"Kern County, California",ca,California,2014,871337,0,871337,871337,0.787031459,0.008377595,0.778653864,0.795409055,28.17119117,0.152038667,28.0191525,28.32322984,0.309788554,0.000132535,0.309656019,0.30992109,66096.80297,194.6915698,65902.1114,66291.49454,49788,550.9090909,49237.09091,50338.90909,871337,0.012121212,871336.9879,871337.0121,0.569149605,0.004541552,0.564608053,0.573691157,0.430850395,0.00443181,0.426418585,0.435282205,0.77523567,0.770939866,0.779531475,0.054269889,0.001354027,0.052915862,0.055623917,0.040493716,0.001119904,0.039373812,0.04161362,0.154057567,0.00323136,0.150826207,0.157288927,3.2,0.012121212,3.187878788,3.212121212,5.261267045,0.00832795,5.252939094,5.269594995,0.710215179,0.003538597,0.706676582,0.713753777,1978.442709,1.498366191,1976.944343,1979.941075,0.704578462,0.005193358,0.699385104,0.70977182,0.239508724,0.003856182,0.235652542,0.243364905,0.019200494,0.00108959,0.018110904,0.020290084,1.894585971,0.00979632,1.884789651,1.904382292,951,"43,309",10,"52,848",1,"519,754","8,784",873,1,39,81,1,368,55,"627,075",0.15%,6.91%,0.00%,8.43%,0.00%,82.89%,1.40%,0.14%,0.00%,0.01%,0.01%,0.00%,0.06%,0.01%,100.00%,0.15%
6031,05000US06031,"Kings County, California",ca,California,2014,150261,0,150261,150261,0.755255008,0.020480829,0.734774179,0.775735837,25.99293764,0.376594167,25.61634347,26.3695318,0.2806309,0.000701387,0.279929513,0.281332286,62891.1459,508.2720058,62382.87389,63399.4179,47241,845.4545455,46395.54545,48086.45455,150261,0.024242424,150260.9758,150261.0242,0.501374119,0.011947283,0.489426836,0.513321401,0.498625881,0.011898876,0.486727005,0.510524757,0.738582865,0.72584417,0.751321561,0.055514398,0.004238501,0.051275898,0.059752899,0.039192257,0.003346222,0.035846035,0.042538479,0.188600789,0.008480997,0.180119792,0.197081786,3.18,0.024242424,3.155757576,3.204242424,5.213445154,0.023695943,5.18974921,5.237141097,0.693591084,0.010201813,0.683389272,0.703792897,1977.567493,6.42550886,1971.141984,1983.993002,0.777440554,0.013815409,0.763625145,0.791255964,0.190273629,0.009810703,0.180462926,0.200084331,0.005472577,0.001637229,0.003835348,0.007109806,1.875230016,0.024469131,1.850760885,1.899699146,153,"5,764",0,"9,557",1,"80,328","1,316",105,0,11,19,0,75,5,"97,334",0.16%,5.92%,0.00%,9.82%,0.00%,82.53%,1.35%,0.11%,0.00%,0.01%,0.02%,0.00%,0.08%,0.01%,100.00%,0.16%
6033,05000US06033,"Lake County, California",ca,California,2014,64076,0,64076,64076,0.734918929,0.041387555,0.693531374,0.776306484,33.80229423,0.952543336,32.8497509,34.75483757,0.285103459,0.002264313,0.282839146,0.287367772,52332.97702,744.6715968,51588.30542,53077.64861,36132,1663.636364,34468.36364,37795.63636,64076,0.036363636,64075.96364,64076.03636,0.631747728,0.018685719,0.61306201,0.650433447,0.368252272,0.016780777,0.351471495,0.385033048,0.850309231,0.832085146,0.868533316,0.018210277,0.003549491,0.014660787,0.021759768,0.012445598,0.002574348,0.00987125,0.015019946,0.143887913,0.008557162,0.135330751,0.152445076,2.41,0.036363636,2.373636364,2.446363636,4.969578761,0.023141568,4.946437193,4.99272033,0.67678837,0.010734793,0.666053577,0.687523164,1976.241419,3.126066799,1973.115353,1979.367486,0.360807819,0.015242587,0.345565231,0.376050406,0.350652821,0.013970871,0.33668195,0.364623693,0.009009697,0.003079941,0.005929756,0.012089638,1.867908681,0.036896954,1.831011727,1.904805636,97,"5,300",0,"4,026",0,"58,916","1,217",137,1,0,21,0,13,5,"69,733",0.14%,7.60%,0.00%,5.77%,0.00%,84.49%,1.75%,0.20%,0.00%,0.00%,0.03%,0.00%,0.02%,0.01%,100.00%,0.14%
6035,05000US06035,"Lassen County, California",ca,California,2014,31945,0,31945,31945,0.786073059,0.03996242,0.746110639,0.82603548,25.69366966,0.720556406,24.97311325,26.41422606,0.301126197,0.004900632,0.296225565,0.306026829,64907.69393,1283.525825,63624.1681,66191.21975,51457,1504.848485,49952.15152,52961.84849,31945,0.042424242,31944.95758,31945.04242,0.645826755,0.021801664,0.624025091,0.667628419,0.354173245,0.020497929,0.333675316,0.374671173,0.915482581,0.890363003,0.940602158,0.017998105,0.00747181,0.010526295,0.025469916,0.009262183,0.002812692,0.006449491,0.012074875,0.06988738,0.007070063,0.062817317,0.076957443,2.31,0.042424242,2.267575758,2.352424242,5.319503379,0.055655119,5.26384826,5.375158498,0.761826183,0.014000112,0.747826071,0.775826295,1972.171106,18.03310292,1954.138003,1990.204209,0.260498895,0.016543577,0.243955318,0.277042472,0.137774971,0.012173563,0.125601409,0.149948534,0.001578781,0.000829846,0.000748935,0.002408627,1.988422271,0.051079863,1.937342408,2.039502135,7,"3,275",0,"2,015",0,"20,462",166,10,0,0,4,0,3,0,"25,942",0.03%,12.62%,0.00%,7.77%,0.00%,78.88%,0.64%,0.04%,0.00%,0.00%,0.02%,0.00%,0.01%,0.00%,100.00%,0.03%
6037,05000US06037,"Los Angeles County, California",ca,California,2014,10057155,0,10057155,10057155,0.733301897,0.001801058,0.731500839,0.735102956,37.17480361,0.043042982,37.13176063,37.21784659,0.629192116,4.97E-06,0.629187144,0.629197088,78885.93352,73.81565263,78812.11787,78959.74917,57952,200.6060606,57751.39394,58152.60606,10057155,0.006060606,10057154.99,10057155.01,0.456930781,0.001912653,0.455018129,0.458843434,0.543069219,0.001460237,0.541608981,0.544529456,0.565345408,0.564058611,0.566632204,0.098623183,0.000438984,0.098184199,0.099062167,0.145547398,0.000488081,0.145059317,0.146035479,0.220063409,0.001031106,0.219032303,0.221094516,3.01,0.006060606,3.003939394,3.016060606,4.723727966,0.002112922,4.721615044,4.725840887,0.493833446,0.00091304,0.492920406,0.494746486,1962.073039,0.36661337,1961.706425,1962.439652,0.674839915,0.00135601,0.673483905,0.676195925,0.258587776,0.001015931,0.257571845,0.259603707,0.061027562,0.000531971,0.060495591,0.061559533,1.782012557,0.00266506,1.779347497,1.784677617,"41,936","199,767",238,"368,436","1,139","6,561,503","284,304","46,871",7,"2,402","1,012",46,"10,450","1,358","7,519,469",0.56%,2.66%,0.00%,4.90%,0.02%,87.26%,3.78%,0.62%,0.00%,0.03%,0.01%,0.00%,0.14%,0.02%,100.00%,0.56%
6039,05000US06039,"Madera County, California",ca,California,2014,153366,0,153366,153366,0.773360217,0.029413402,0.743946815,0.802773618,30.35886382,0.573881602,29.78498222,30.93274542,0.286776518,0.001111999,0.28566452,0.287888517,61536.30605,564.890128,60971.41593,62101.19618,45742,1032.727273,44709.27273,46774.72727,153366,0.036363636,153365.9636,153366.0364,0.607196952,0.010396853,0.5968001,0.617593805,0.392803048,0.009746181,0.383056866,0.402549229,0.829669069,0.817612249,0.841725889,0.03346032,0.003006118,0.030454202,0.036466439,0.020310277,0.002233199,0.018077078,0.022543476,0.140542525,0.007113829,0.133428697,0.147656354,3.34,0.036363636,3.303636364,3.376363636,5.444426611,0.021269679,5.423156932,5.46569629,0.800918867,0.008312098,0.792606769,0.809230964,1981.625522,4.505774886,1977.119747,1986.131297,0.572818653,0.012946287,0.559872366,0.585764941,0.27555423,0.010261429,0.2652928,0.285815659,0.017418644,0.002869664,0.01454898,0.020288308,2.039312434,0.027280287,2.012032147,2.066592721,207,"7,571",3,"9,120",0,"94,766","1,724",145,0,6,19,0,70,7,"113,638",0.18%,6.66%,0.00%,8.03%,0.00%,83.39%,1.52%,0.13%,0.00%,0.01%,0.02%,0.00%,0.06%,0.01%,100.00%,0.18%
6041,05000US06041,"Marin County, California",ca,California,2014,259358,0,259358,259358,0.659799651,0.013645766,0.646153884,0.673445417,37.86630296,0.334953542,37.53134942,38.2012565,1.037289272,0.001082307,1.036206965,1.038371579,119857.0402,537.1510222,119319.8892,120394.1913,100310,1136.969697,99173.0303,101446.9697,259358,0.012121212,259357.9879,259358.0121,0.634099617,0.00664651,0.627453107,0.640746127,0.365900383,0.005365292,0.360535091,0.371265675,0.859837165,0.853567231,0.866107098,0.017883142,0.001650617,0.016232524,0.019533759,0.050996169,0.001647187,0.049348981,0.052643356,0.09598659,0.003712093,0.092274497,0.099698683,2.41,0.012121212,2.397878788,2.422121212,5.485724975,0.013791391,5.471933584,5.499516366,0.626738168,0.004570509,0.622167659,0.631308677,1963.920968,2.555289092,1961.365679,1966.476258,0.731494253,0.007975946,0.723518307,0.739470199,0.238994253,0.005481261,0.233512992,0.244475514,0.007739464,0.001167356,0.006572107,0.00890682,1.871455939,0.013876335,1.857579604,1.885332273,"3,157","7,865",11,"9,042",36,"189,410","15,128","2,161",0,9,32,0,82,14,"226,947",1.39%,3.47%,0.00%,3.98%,0.02%,83.46%,6.67%,0.95%,0.00%,0.00%,0.01%,0.00%,0.04%,0.01%,100.00%,1.39%
6043,05000US06043,"Mariposa County, California",ca,California,2014,17645,0,17645,17645,0.6693942,0.071890397,0.597503804,0.741284597,36.31030151,1.63897583,34.67132568,37.94927734,0.422467264,0.006513212,0.415954052,0.428980476,61127.91178,1598.315594,59529.59619,62726.22738,49265,2043.636364,47221.36364,51308.63636,17645,0.054545455,17644.94545,17645.05455,0.696347347,0.027268659,0.669078687,0.723616006,0.303652653,0.023439407,0.280213246,0.327092061,0.913852516,0.881336085,0.946368947,0.012543074,0.006774437,0.005768637,0.01931751,0.006064783,0.003679045,0.002385738,0.009743828,0.091385252,0.014641187,0.076744065,0.106026438,2.29,0.054545455,2.235454545,2.344545455,5.101122508,0.06404025,5.037082258,5.165162759,0.740758661,0.020210614,0.720548047,0.760969275,1977.192713,20.40844785,1956.784266,1997.601161,0.410199862,0.025112082,0.38508778,0.435311945,0.176843556,0.020331056,0.1565125,0.197174613,0.003170227,0.002340503,0.000829724,0.00551073,2.117298415,0.068250938,2.049047476,2.185549353,14,"1,984",0,"1,176",0,"17,705",340,21,0,0,5,0,4,3,"21,252",0.07%,9.34%,0.00%,5.53%,0.00%,83.31%,1.60%,0.10%,0.00%,0.00%,0.02%,0.00%,0.02%,0.01%,100.00%,0.07%
6045,05000US06045,"Mendocino County, California",ca,California,2014,87409,0,87409,87409,0.743074462,0.023642053,0.719432409,0.766716515,23.33803936,0.378213845,22.95982551,23.7162532,0.42917847,0.001429484,0.427748986,0.430607954,58036.13343,577.5134208,57458.62001,58613.64685,43510,920,42590,44430,87409,0.024242424,87408.97576,87409.02424,0.571312944,0.011704636,0.559608309,0.58301758,0.428687056,0.013199541,0.415487515,0.441886597,0.877926808,0.863878079,0.891975537,0.00488524,0.001612503,0.003272737,0.006497743,0.011765046,0.001738352,0.010026694,0.013503398,0.1418165,0.007911088,0.133905412,0.149727588,2.46,0.024242424,2.435757576,2.484242424,4.782086251,0.022568709,4.759517542,4.80465496,0.723725273,0.008763388,0.714961885,0.732488662,1970.57238,4.255395826,1966.316984,1974.827776,0.522576169,0.014608757,0.507967412,0.537184927,0.17549286,0.009275873,0.166216987,0.184768733,0.008961092,0.002366778,0.006594314,0.011327869,1.806931838,0.028712396,1.778219442,1.835644233,237,"9,351",0,"4,542",0,"75,246","2,329",414,0,0,28,0,10,8,"92,165",0.26%,10.15%,0.00%,4.93%,0.00%,81.64%,2.53%,0.45%,0.00%,0.00%,0.03%,0.00%,0.01%,0.01%,100.00%,0.26%
6047,05000US06047,"Merced County, California",ca,California,2014,265001,0,265001,265001,0.774072099,0.015045048,0.75902705,0.789117147,31.35501364,0.289052992,31.06596065,31.64406663,0.268825859,0.000513736,0.268312124,0.269339595,60189.29347,309.4625125,59879.83096,60498.75598,44397,691.5151515,43705.48485,45088.51515,265001,0.024242424,265000.9758,265001.0242,0.522409608,0.007144552,0.515265056,0.529554159,0.477590392,0.00790947,0.469680922,0.485499863,0.649354797,0.642270049,0.656439546,0.037523956,0.001968508,0.035555448,0.039492463,0.060444615,0.002835608,0.057609007,0.063280223,0.275865593,0.007019081,0.268846512,0.282884675,3.31,0.024242424,3.285757576,3.334242424,5.492975992,0.017325574,5.475650418,5.510301567,0.754753981,0.005441826,0.749312156,0.760195807,1978.59259,4.07603768,1974.516552,1982.668627,0.553711511,0.008794829,0.544916683,0.56250634,0.398428517,0.008002111,0.390426406,0.406430627,0.007026958,0.00103048,0.005996478,0.008057438,1.952932158,0.017199464,1.935732694,1.970131622,218,"12,250",6,"14,736",0,"166,778","2,796",210,1,7,45,0,39,15,"197,101",0.11%,6.22%,0.00%,7.48%,0.00%,84.62%,1.42%,0.11%,0.00%,0.00%,0.02%,0.00%,0.02%,0.01%,100.00%,0.11%
6049,05000US06049,"Modoc County, California",ca,California,2014,9033,0,9033,9033,0.685570071,0.088492166,0.597077905,0.774062238,20.36822237,1.273181162,19.09504121,21.64140354,0.332697548,0.010067657,0.322629891,0.342765205,50961.58038,1481.172184,49480.4082,52442.75257,41194,2313.939394,38880.06061,43507.93939,9033,0.066666667,9032.933333,9033.066667,0.746594005,0.040768668,0.705825337,0.787362674,0.253405995,0.031105002,0.222300992,0.284510997,0.929972752,0.889551236,0.970394268,0.004904632,0.00314088,0.001763752,0.008045512,0.00653951,0.003967894,0.002571616,0.010507404,0.072752044,0.01475567,0.057996373,0.087507714,2.32,0.066666667,2.253333333,2.386666667,5.305417779,0.05655182,5.248865959,5.361969599,0.854826402,0.021548774,0.833277628,0.876375176,1965.469191,10.6803923,1954.788799,1976.149583,0.110081744,0.019099372,0.090982372,0.129181115,0.198365123,0.027043955,0.171321168,0.225409077,0,NA,NA,NA,2.021253406,0.08325983,1.937993576,2.104513236,5,"1,491",0,653,0,"7,251",75,1,0,0,2,0,3,0,"9,481",0.05%,15.73%,0.00%,6.89%,0.00%,76.48%,0.79%,0.01%,0.00%,0.00%,0.02%,0.00%,0.03%,0.00%,100.00%,0.05%
6051,05000US06051,"Mono County, California",ca,California,2014,14051,0,14051,14051,0.449481521,0.078399514,0.371082007,0.527881035,17.43102151,0.805281369,16.62574014,18.23630288,0.574949495,0.02742025,0.547529245,0.602369745,74762.92929,3762.174955,71000.75434,78525.10425,58937,3884.242424,55052.75758,62821.24242,14051,0.139393939,14050.86061,14051.13939,0.552121212,0.04625078,0.505870433,0.598371992,0.447878788,0.047122744,0.400756043,0.495001532,0.924646465,0.858324917,0.990968013,0.002222222,0.002573597,-0.000351375,0.004795819,0.002020202,0.001594917,0.000425285,0.00361512,0.078989899,0.017774795,0.061215104,0.096764694,2.77,0.139393939,2.630606061,2.909393939,4.707428571,0.037009899,4.670418672,4.744438471,0.426714286,0.020101558,0.406612728,0.446815844,1977.709071,3.595991793,1974.11308,1981.305063,0.414949495,0.048849755,0.36609974,0.46379925,0.2,0.034907465,0.165092535,0.234907465,0.004444444,0.003802115,0.00064233,0.008246559,1.773131313,0.111052304,1.662079009,1.884183617,13,"1,301",0,801,0,"11,182",156,13,0,0,3,0,1,0,"13,470",0.10%,9.66%,0.00%,5.95%,0.00%,83.01%,1.16%,0.10%,0.00%,0.00%,0.02%,0.00%,0.01%,0.00%,100.00%,0.10%
6053,05000US06053,"Monterey County, California",ca,California,2014,430201,0,430201,430201,0.705323798,0.013000418,0.69232338,0.718324215,27.05318765,0.213438035,26.83974961,27.26662568,0.508037104,0.000404675,0.50763243,0.508441779,79004.912,266.5675306,78738.34447,79271.47954,60889,601.2121212,60287.78788,61490.21212,430201,0.012121212,430200.9879,430201.0121,0.497164777,0.005535566,0.491629211,0.502700343,0.502835223,0.005426967,0.497408256,0.508262191,0.746672385,0.741033998,0.752310772,0.025119921,0.001374382,0.023745539,0.026494303,0.064400076,0.001746328,0.062653748,0.066146404,0.195574828,0.004689908,0.19088492,0.200264735,3.27,0.012121212,3.257878788,3.282121212,5.067753926,0.011114436,5.05663949,5.078868361,0.626807639,0.003647183,0.623160457,0.630454822,1970.982803,2.258379296,1968.724424,1973.241182,0.615735887,0.005624988,0.6101109,0.621360875,0.337741034,0.005991122,0.331749912,0.343732156,0.015843896,0.001420904,0.014422992,0.0172648,1.999102576,0.012015879,1.987086698,2.011118455,818,"16,843",11,"23,601",1,"294,157","8,419",858,0,2,102,0,167,28,"345,007",0.24%,4.88%,0.00%,6.84%,0.00%,85.26%,2.44%,0.25%,0.00%,0.00%,0.03%,0.00%,0.05%,0.01%,100.00%,0.24%
6055,05000US06055,"Napa County, California",ca,California,2014,140823,0,140823,140823,0.757858043,0.013436135,0.744421907,0.771294178,29.16231253,0.261990351,28.90032218,29.42430288,0.650835443,0.000984378,0.649851065,0.651819821,94227.24051,659.2653884,93567.97512,94886.50589,74609,1130.30303,73478.69697,75739.30303,140823,0.018181818,140822.9818,140823.0182,0.615918987,0.009046312,0.606872675,0.624965299,0.384081013,0.008815423,0.37526559,0.392896436,0.814926582,0.805239625,0.824613539,0.015412658,0.001562605,0.013850053,0.016975263,0.055756962,0.002534233,0.053222729,0.058291195,0.135372152,0.006239614,0.129132538,0.141611766,2.76,0.018181818,2.741818182,2.778181818,5.467297156,0.018114037,5.449183118,5.485411193,0.688558977,0.007244918,0.681314059,0.695803895,1972.29315,4.106865158,1968.186285,1976.400015,0.716111392,0.01083705,0.705274342,0.726948443,0.234349367,0.009254198,0.225095169,0.243603565,0.008931646,0.001682787,0.007248858,0.010614433,2.046805063,0.020273235,2.026531828,2.067078299,680,"7,506",3,"7,053",1,"105,669","4,728",641,0,11,19,1,72,18,"126,402",0.54%,5.94%,0.00%,5.58%,0.00%,83.60%,3.74%,0.51%,0.00%,0.01%,0.02%,0.00%,0.06%,0.01%,100.00%,0.54%
6057,05000US06057,"Nevada County, California",ca,California,2014,98639,0,98639,98639,0.756183393,0.024312586,0.731870806,0.780495979,28.44705456,0.463280858,27.9837737,28.91033542,0.630004681,0.001811539,0.628193142,0.63181622,75159.5708,745.2148065,74414.35599,75904.7856,57429,1556.969697,55872.0303,58985.9697,98639,0.024242424,98638.97576,98639.02424,0.721462537,0.01250634,0.708956197,0.733968878,0.278537463,0.011839478,0.266697985,0.290376941,0.94707665,0.933003187,0.961150114,0.001749329,0.000702036,0.001047292,0.002451365,0.012294577,0.001527973,0.010766604,0.013822551,0.05841772,0.00462064,0.05379708,0.06303836,2.4,0.024242424,2.375757576,2.424242424,5.51582094,0.01996367,5.495857271,5.53578461,0.822482092,0.005731033,0.816751059,0.828213126,1978.325462,2.862877073,1975.462585,1981.188339,0.652770592,0.015992456,0.636778136,0.668763047,0.141744894,0.008067389,0.133677505,0.149812283,0.002020351,0.000836453,0.001183898,0.002856805,2.088230221,0.028731365,2.059498856,2.116961587,258,"8,507",0,"5,013",1,"84,522","2,619",269,0,0,19,0,31,10,"101,249",0.25%,8.40%,0.00%,4.95%,0.00%,83.48%,2.59%,0.27%,0.00%,0.00%,0.02%,0.00%,0.03%,0.01%,100.00%,0.25%
6059,05000US06059,"Orange County, California",ca,California,2014,3132211,0,3132211,3132211,0.785303222,0.003402685,0.781900537,0.788705907,32.83348287,0.073260507,32.76022236,32.90674338,0.794063394,1.44E-05,0.794048994,0.794077793,97749.9179,135.6092631,97614.30863,97885.52716,78145,296.969697,77848.0303,78441.9697,3132211,0.012121212,3132210.988,3132211.012,0.571778897,0.002678451,0.569100446,0.574457348,0.428221103,0.002196782,0.42602432,0.430417885,0.690595588,0.688725004,0.692466172,0.017439322,0.000465449,0.016973873,0.017904771,0.183011607,0.000915492,0.182096114,0.183927099,0.134109529,0.001476193,0.132633335,0.135585722,3.04,0.012121212,3.027878788,3.052121212,5.313195992,0.004081912,5.30911408,5.317277903,0.508561067,0.001477053,0.507084014,0.51003812,1975.182074,0.706784888,1974.475289,1975.888859,0.704840258,0.002347304,0.702492953,0.707187562,0.243943041,0.001797858,0.242145183,0.245740899,0.045793953,0.00074642,0.045047533,0.046540373,2.025650631,0.004785508,2.020865123,2.03043614,"20,037","77,288",73,"137,332",828,"2,222,254","88,793","21,051",2,565,252,3,"3,742",686,"2,572,906",0.78%,3.00%,0.00%,5.34%,0.03%,86.37%,3.45%,0.82%,0.00%,0.02%,0.01%,0.00%,0.15%,0.03%,100.00%,0.78%
6061,05000US06061,"Placer County, California",ca,California,2014,370571,0,370571,370571,0.790904803,0.010387272,0.780517531,0.801292075,31.61471354,0.241925718,31.37278782,31.85663926,0.692525415,0.00036662,0.692158796,0.692892035,93819.12528,313.5558932,93505.56939,94132.68118,76926,783.6363636,76142.36364,77709.63636,370571,0.012121212,370570.9879,370571.0121,0.700826446,0.005633973,0.695192474,0.706460419,0.299173554,0.004855739,0.294317815,0.304029293,0.878183281,0.873396857,0.882969705,0.012433263,0.000936188,0.011497075,0.01336945,0.05390185,0.001782143,0.052119708,0.055683993,0.081657281,0.003086168,0.078571113,0.084743449,2.68,0.012121212,2.667878788,2.692121212,5.875627027,0.010178412,5.865448614,5.885805439,0.778000861,0.002648045,0.775352816,0.780648906,1985.375896,1.867153211,1983.508743,1987.243049,0.692167045,0.006239259,0.685927786,0.698406303,0.244247788,0.005179873,0.239067915,0.24942766,0.004424779,0.000718223,0.003706556,0.005143002,2.029876399,0.011492776,2.018383622,2.041369175,"1,948","19,921",1,"21,585",23,"287,476","10,772","1,463",0,17,27,0,59,29,"343,321",0.57%,5.80%,0.00%,6.29%,0.01%,83.73%,3.14%,0.43%,0.00%,0.00%,0.01%,0.00%,0.02%,0.01%,100.00%,0.57%
6063,05000US06063,"Plumas County, California",ca,California,2014,18754,0,18754,18754,0.782862707,0.063024946,0.719837761,0.845887653,27.92184044,1.181524005,26.74031643,29.10336444,0.379775549,0.003707701,0.376067848,0.38348325,62882.10363,1460.533361,61421.57027,64342.63699,50125,1859.393939,48265.60606,51984.39394,18754,0.048484848,18753.95152,18754.04848,0.71239255,0.029348569,0.683043981,0.741741119,0.28760745,0.020373208,0.267234241,0.307980658,0.89565425,0.86436563,0.92694287,0,NA,NA,NA,0.010386819,0.003914708,0.006472111,0.014301528,0.137655205,0.015529011,0.122126194,0.153184217,2.19,0.048484848,2.141515152,2.238484848,5.291403811,0.030049369,5.261354441,5.32145318,0.819728541,0.011811795,0.807916746,0.831540336,1975.616389,4.501663166,1971.114726,1980.118053,0.279250239,0.022978522,0.256271717,0.302228761,0.108404967,0.012768445,0.095636522,0.121173411,0.000596944,0.00057902,1.79E-05,0.001175964,1.947230181,0.060338597,1.886891585,2.007568778,15,"2,773",0,"1,268",0,"19,690",191,11,0,0,4,0,2,14,"23,968",0.06%,11.57%,0.00%,5.29%,0.00%,82.15%,0.80%,0.05%,0.00%,0.00%,0.02%,0.00%,0.01%,0.06%,100.00%,0.06%
6065,05000US06065,"Riverside County, California",ca,California,2014,2323892,0,2323892,2323892,0.77067257,0.004600109,0.766072461,0.775272679,39.29812554,0.121666823,39.17645872,39.41979237,0.441034354,2.53E-05,0.441009028,0.441059679,74257.85514,151.840592,74106.01455,74409.69573,57972,328.4848485,57643.51515,58300.48485,2323892,0.018181818,2323891.982,2323892.018,0.644627584,0.003254571,0.641373013,0.647882155,0.355372416,0.002544083,0.352828333,0.3579165,0.698765509,0.696106672,0.701424346,0.065272716,0.000957451,0.064315265,0.066230166,0.054866263,0.000673257,0.054193007,0.05553952,0.207494233,0.002032906,0.205461326,0.209527139,3.25,0.018181818,3.231818182,3.268181818,5.577168109,0.004357957,5.572810153,5.581526066,0.679691576,0.001497368,0.678194208,0.681188944,1984.932656,0.576354176,1984.356302,1985.509011,0.765516157,0.003092453,0.762423703,0.76860861,0.203066106,0.001882455,0.201183651,0.20494856,0.018545704,0.000546647,0.017999056,0.019092351,2.029130698,0.006082776,2.023047922,2.035213475,"4,366","75,523",35,"120,021",64,"1,531,233","42,875","6,633",0,216,169,6,"1,759",145,"1,783,045",0.24%,4.24%,0.00%,6.73%,0.00%,85.88%,2.40%,0.37%,0.00%,0.01%,0.01%,0.00%,0.10%,0.01%,100.00%,0.24%
6067,05000US06067,"Sacramento County, California",ca,California,2014,1479300,0,1479300,1479300,0.767164179,0.005756578,0.761407601,0.772920757,31.01517266,0.116925655,30.89824701,31.13209832,0.543455299,2.46E-05,0.543430666,0.543479931,74391.46937,130.4689387,74261.00043,74521.93831,57509,350.3030303,57158.69697,57859.30303,1479300,0.006060606,1479299.994,1479300.006,0.552053249,0.002922202,0.549131047,0.554975451,0.447946751,0.002794015,0.445152736,0.450740767,0.659119914,0.656940099,0.66129973,0.101442157,0.001098286,0.100343872,0.102540443,0.127006552,0.001301805,0.125704747,0.128308357,0.154935667,0.001937776,0.152997891,0.156873443,2.76,0.006060606,2.753939394,2.766060606,5.413574305,0.006157636,5.407416669,5.419731941,0.648254547,0.002159073,0.646095474,0.650413619,1976.316217,1.244656248,1975.071561,1977.560873,0.631803313,0.002981249,0.628822064,0.634784562,0.353826315,0.002664905,0.351161411,0.35649122,0.0049058,0.000296642,0.004609158,0.005202441,1.804515156,0.006061033,1.798454123,1.81057619,"3,803","53,033",3,"71,564",106,"1,010,251","37,248","3,785",3,248,193,7,804,203,"1,181,251",0.32%,4.49%,0.00%,6.06%,0.01%,85.52%,3.15%,0.32%,0.00%,0.02%,0.02%,0.00%,0.07%,0.02%,100.00%,0.32%
6069,05000US06069,"San Benito County, California",ca,California,2014,58051,0,58051,58051,0.800179666,0.025226424,0.774953242,0.825406091,39.70598435,0.624517041,39.08146731,40.33050139,0.39959747,0.002402834,0.397194636,0.402000304,88549.48246,490.6814342,88058.80103,89040.1639,73814,2270.30303,71543.69697,76084.30303,58051,0.018181818,58050.98182,58051.01818,0.622426682,0.013213588,0.609213094,0.63564027,0.377573318,0.013786466,0.363786852,0.391359784,0.870615296,0.85972957,0.881501022,0.012363427,0.002440539,0.009922889,0.014803966,0.023059229,0.002164543,0.020894686,0.025223772,0.118746406,0.008650621,0.110095785,0.127397027,3.32,0.018181818,3.301818182,3.338181818,5.840674789,0.02670756,5.813967229,5.867382349,0.773967694,0.009330754,0.76463694,0.783298448,1976.571476,3.632349566,1972.939126,1980.203825,0.719148936,0.013839867,0.705309069,0.732988803,0.197929845,0.010547362,0.187382483,0.208477207,0.007590569,0.002056645,0.005533924,0.009647214,2.451696377,0.02878689,2.422909487,2.480483267,97,"3,951",0,"4,225",0,"44,459","1,208",266,0,0,8,0,26,7,"54,247",0.18%,7.28%,0.00%,7.79%,0.00%,81.96%,2.23%,0.49%,0.00%,0.00%,0.01%,0.00%,0.05%,0.01%,100.00%,0.18%
6071,05000US06071,"San Bernardino County, California",ca,California,2014,2106754,0,2106754,2106754,0.784533572,0.005370557,0.779163015,0.78990413,36.61550173,0.135143378,36.48035836,36.75064511,0.403802095,3.76E-05,0.403764504,0.403839685,69828.17786,156.4468652,69671.731,69984.62473,54469,338.7878788,54130.21212,54807.78788,2106754,0.012121212,2106753.988,2106754.012,0.590665706,0.003438509,0.587227197,0.594104214,0.409334294,0.003013987,0.406320307,0.412348281,0.66124649,0.658404307,0.664088673,0.092675652,0.001109474,0.091566178,0.093785126,0.067457612,0.000967595,0.066490017,0.068425207,0.208745205,0.002306818,0.206438387,0.211052024,3.32,0.012121212,3.307878788,3.332121212,5.425741275,0.006185378,5.419555896,5.431926653,0.705016078,0.001878108,0.703137969,0.706894186,1977.916856,1.446730958,1976.470125,1979.363587,0.751479185,0.003456031,0.748023154,0.754935216,0.210541878,0.0022235,0.208318377,0.212765378,0.01564656,0.000621814,0.015024745,0.016268374,2.03280381,0.006844955,2.025958856,2.039648765,"3,019","76,244",63,"103,257",62,"1,405,052","32,032","5,014",2,255,201,4,"2,675",110,"1,627,990",0.19%,4.68%,0.00%,6.34%,0.00%,86.31%,1.97%,0.31%,0.00%,0.02%,0.01%,0.00%,0.16%,0.01%,100.00%,0.19%
6073,05000US06073,"San Diego County, California",ca,California,2014,3253356,0,3253356,3253356,0.759248595,0.003626189,0.755622406,0.762874783,30.3337177,0.075806156,30.25791155,30.40952386,0.71516814,1.80E-05,0.715150093,0.715186187,85741.3224,134.7244311,85606.59797,85876.04683,66529,278.7878788,66250.21212,66807.78788,3253356,0.006060606,3253355.994,3253356.006,0.527259756,0.002537212,0.524722543,0.529796968,0.472740244,0.00223458,0.470505664,0.474974824,0.761527221,0.759585242,0.763469199,0.050427512,0.000662936,0.049764576,0.051090447,0.100978309,0.000788048,0.100190261,0.101766357,0.117725232,0.001385062,0.11634017,0.119110294,2.87,0.006060606,2.863939394,2.876060606,5.223221774,0.004439779,5.218781994,5.227661553,0.51269825,0.001445193,0.511253056,0.514143443,1976.312856,0.956084341,1975.356771,1977.26894,0.606595971,0.001968221,0.60462775,0.608564192,0.331003292,0.001963909,0.329039383,0.332967202,0.043031271,0.000828515,0.042202756,0.043859786,1.913500519,0.004930173,1.908570345,1.918430692,"14,960","90,478",134,"152,110",63,"2,294,310","93,204","11,216",3,420,280,0,"1,780",150,"2,659,108",0.56%,3.40%,0.01%,5.72%,0.00%,86.28%,3.51%,0.42%,0.00%,0.02%,0.01%,0.00%,0.07%,0.01%,100.00%,0.56%
6075,05000US06075,"San Francisco County, California",ca,California,2014,850282,0,850282,850282,0.350388927,0.010049261,0.340339666,0.360438187,39.55049284,0.158929127,39.39156371,39.70942196,1.027374109,0.000323282,1.027050827,1.027697391,108676.6551,298.8670064,108377.7881,108975.5221,87701,876.969697,86824.0303,88577.9697,850282,0.012121212,850281.9879,850282.0121,0.368083252,0.003356466,0.364726786,0.371439718,0.631916748,0.004078183,0.627838565,0.635994932,0.563182986,0.560106387,0.566259586,0.052433176,0.001155596,0.05127758,0.053588773,0.292140909,0.00239936,0.289741549,0.294540269,0.127722486,0.002624934,0.125097552,0.130347421,2.33,0.012121212,2.317878788,2.342121212,4.206639862,0.006990242,4.199649621,4.213630104,0.19649649,0.002227562,0.194268928,0.198724052,1946.567751,1.549587001,1945.018164,1948.117338,0.635641555,0.004430087,0.631211468,0.640071642,0.299568102,0.003556801,0.296011301,0.303124903,0.046889408,0.001766177,0.045123231,0.048655585,1.08454107,0.006615733,1.077925336,1.091156803,"5,083","15,979",263,"18,389",76,"390,098","33,869","3,401",0,57,34,1,493,42,"467,785",1.09%,3.42%,0.06%,3.93%,0.02%,83.39%,7.24%,0.73%,0.00%,0.01%,0.01%,0.00%,0.11%,0.01%,100.00%,1.09%
6077,05000US06077,"San Joaquin County, California",ca,California,2014,714860,0,714860,714860,0.768706038,0.009176233,0.759529805,0.777882271,36.61947155,0.197948175,36.42152337,36.81741972,0.362176206,0.000187337,0.361988869,0.362363542,71479.12109,185.8216755,71293.29942,71664.94277,55045,543.030303,54501.9697,55588.0303,714860,0.012121212,714859.9879,714860.0121,0.556815978,0.004498238,0.55231774,0.561314215,0.443184022,0.004671173,0.438512849,0.447855195,0.625397484,0.621586227,0.629208741,0.076772497,0.001400237,0.07537226,0.078172734,0.125589179,0.00185501,0.123734169,0.127444188,0.236280316,0.004294533,0.231985783,0.240574849,3.16,0.012121212,3.147878788,3.172121212,5.534237357,0.009179138,5.525058219,5.543416494,0.729512265,0.003113443,0.726398822,0.732625708,1976.263602,1.607057245,1974.656545,1977.87066,0.688769412,0.004452605,0.684316807,0.693222017,0.283613057,0.003806206,0.279806851,0.287419263,0.006531142,0.00063989,0.005891252,0.007171033,1.995232446,0.009550185,1.985682261,2.004782632,"1,273","30,682",5,"40,422",4,"477,640","12,095","1,313",2,21,114,1,240,63,"563,875",0.23%,5.44%,0.00%,7.17%,0.00%,84.71%,2.14%,0.23%,0.00%,0.00%,0.02%,0.00%,0.04%,0.01%,100.00%,0.23%
6079,05000US06079,"San Luis Obispo County, California",ca,California,2014,278680,0,278680,278680,0.740423094,0.012841957,0.727581137,0.753265052,25.79985709,0.227973657,25.57188344,26.02783075,0.601375426,0.001361497,0.600013929,0.602736924,80803.79104,431.0683789,80372.72266,81234.85942,64014,1095.151515,62918.84849,65109.15152,278680,0.012121212,278679.9879,278680.0121,0.590245584,0.006345317,0.583900267,0.596590902,0.409754416,0.006815188,0.402939228,0.416569603,0.901986514,0.894667623,0.909305405,0.014204437,0.001603959,0.012600478,0.015808395,0.025698249,0.001608023,0.024090227,0.027306272,0.081261254,0.003729168,0.077532087,0.084990422,2.51,0.012121212,2.497878788,2.522121212,5.267933567,0.01421119,5.253722378,5.282144757,0.6659101,0.004994202,0.660915898,0.670904302,1978.282942,3.112921094,1975.170021,1981.395863,0.765382552,0.007809257,0.757573295,0.77319181,0.172206046,0.005098924,0.167107122,0.17730497,0.019309605,0.002144504,0.017165101,0.021454109,2.031244014,0.016731864,2.01451215,2.047975877,989,"18,298",6,"16,297",0,"205,830","8,660",932,1,12,47,0,110,39,"251,221",0.39%,7.28%,0.00%,6.49%,0.00%,81.93%,3.45%,0.37%,0.00%,0.00%,0.02%,0.00%,0.04%,0.02%,100.00%,0.39%
6081,05000US06081,"San Mateo County, California",ca,California,2014,754748,0,754748,754748,0.694253384,0.006839141,0.687414243,0.701092524,33.61549738,0.117123885,33.49837349,33.73262126,0.96533083,0.000261364,0.965069466,0.965592194,118090.3337,255.557818,117834.7759,118345.8915,98546,746.6666667,97799.33333,99292.66667,754748,0.012121212,754747.9879,754748.0121,0.591333665,0.003889899,0.587443766,0.595223565,0.408666335,0.003582249,0.405084085,0.412248584,0.608244895,0.605108556,0.611381234,0.026761427,0.000840234,0.025921193,0.027601661,0.249561319,0.002095559,0.247465761,0.251656878,0.145366078,0.002762394,0.142603684,0.148128472,2.85,0.012121212,2.837878788,2.862121212,5.196053295,0.007717066,5.188336229,5.20377036,0.566629413,0.003109596,0.563519817,0.569739009,1964.65806,1.335109028,1963.322951,1965.993169,0.6976476,0.003624249,0.694023351,0.701271849,0.274728938,0.003354959,0.271373979,0.278083896,0.016907398,0.000959676,0.015947722,0.017867075,1.973575725,0.008159095,1.96541663,1.98173482,"8,229","16,230",14,"31,694",87,"597,898","36,606","4,614",1,33,96,0,325,47,"695,874",1.18%,2.33%,0.00%,4.55%,0.01%,85.92%,5.26%,0.66%,0.00%,0.00%,0.01%,0.00%,0.05%,0.01%,100.00%,1.18%
6083,05000US06083,"Santa Barbara County, California",ca,California,2014,439395,0,439395,439395,0.678679065,0.0116775,0.667001565,0.690356565,23.4163789,0.1515339,23.264845,23.5679128,0.609160369,0.000535816,0.608624554,0.609696185,84697.99582,306.8063942,84391.18943,85004.80221,65161,728.4848485,64432.51515,65889.48485,439395,0.012121212,439394.9879,439395.0121,0.520373853,0.004528959,0.515844894,0.524902812,0.479626147,0.005080999,0.474545148,0.484707147,0.801609216,0.795669602,0.807548831,0.018475928,0.001061281,0.017414647,0.019537209,0.045892724,0.001605854,0.044286869,0.047498578,0.163291414,0.004653123,0.15863829,0.167944537,2.93,0.012121212,2.917878788,2.942121212,5.101744148,0.011579204,5.090164945,5.113323352,0.578020883,0.003967289,0.574053595,0.581988172,1970.572308,2.665591563,1967.906717,1973.2379,0.77145913,0.005580339,0.76587879,0.777039469,0.176209883,0.003891137,0.172318746,0.18010102,0.038846286,0.002279442,0.036566844,0.041125728,1.938203857,0.011653684,1.926550174,1.949857541,"1,587","16,093",9,"21,771",23,"302,644","10,825","1,150",0,68,75,0,200,381,"354,826",0.45%,4.54%,0.00%,6.14%,0.01%,85.29%,3.05%,0.32%,0.00%,0.02%,0.02%,0.00%,0.06%,0.11%,100.00%,0.45%
6085,05000US06085,"Santa Clara County, California",ca,California,2014,1885056,0,1885056,1885056,0.755333748,0.004284367,0.751049381,0.759618116,32.93585775,0.095593351,32.8402644,33.0314511,1.006835531,1.92E-05,1.006816366,1.006854695,118415.456,177.1898849,118238.2661,118592.6459,101173,400.6060606,100772.3939,101573.6061,1885056,0.006060606,1885055.994,1885056.006,0.565379625,0.002674438,0.562705186,0.568054063,0.434620375,0.002466717,0.432153658,0.437087092,0.534140148,0.532049716,0.536230581,0.02689206,0.000507471,0.026384589,0.027399531,0.327749573,0.001416606,0.326332967,0.32916618,0.140475503,0.001827034,0.138648469,0.142302537,2.95,0.006060606,2.943939394,2.956060606,5.227352145,0.005035696,5.222316449,5.232387841,0.530899441,0.001838723,0.529060718,0.532738164,1972.702543,0.988520774,1971.714022,1973.691063,0.672055718,0.002476705,0.669579014,0.674532423,0.307833489,0.002146999,0.30568649,0.309980489,0.012094245,0.000591269,0.011502976,0.012685514,2.026770766,0.005435635,2.021335132,2.032206401,"27,120","39,109",110,"67,462",434,"1,318,334","73,640","17,819",3,68,280,1,"1,051",93,"1,545,524",1.75%,2.53%,0.01%,4.36%,0.03%,85.30%,4.76%,1.15%,0.00%,0.00%,0.02%,0.00%,0.07%,0.01%,100.00%,1.75%
6087,05000US06087,"Santa Cruz County, California",ca,California,2014,270931,0,270931,270931,0.689634038,0.014913219,0.674720818,0.704547257,31.96655224,0.272881159,31.69367108,32.2394334,0.719383139,0.001092915,0.718290224,0.720476055,90103.33256,377.9861237,89725.34644,90481.31869,70088,1172.727273,68915.27273,71260.72727,270931,0.012121212,270930.9879,270931.0121,0.577023416,0.005720596,0.57130282,0.582744013,0.422976584,0.006636172,0.416340412,0.429612755,0.85548379,0.848823787,0.862143792,0.008205171,0.00111623,0.007088941,0.009321401,0.035345354,0.001962864,0.03338249,0.037308217,0.130840925,0.004927511,0.125913414,0.135768435,2.72,0.012121212,2.707878788,2.732121212,5.020369579,0.015121839,5.005247739,5.035491418,0.644833975,0.005717903,0.639116071,0.650551878,1967.96403,3.218189268,1964.745841,1971.182219,0.708600703,0.008254623,0.70034608,0.716855326,0.204603312,0.006837538,0.197765774,0.211440849,0.016052681,0.001907441,0.01414524,0.017960122,2.012728535,0.015103475,1.99762506,2.02783201,"1,652","10,625",4,"11,253",9,"196,229","10,414","1,564",0,18,47,0,114,17,"231,946",0.71%,4.58%,0.00%,4.85%,0.00%,84.60%,4.49%,0.67%,0.00%,0.01%,0.02%,0.00%,0.05%,0.01%,100.00%,0.71%
6089,05000US06089,"Shasta County, California",ca,California,2014,179228,0,179228,179228,0.825350687,0.017477731,0.807872956,0.842828417,23.31663666,0.288329331,23.02830733,23.60496599,0.36092264,0.000572649,0.360349991,0.361495289,61162.82472,305.2120745,60857.61265,61468.0368,45582,583.6363636,44998.36364,46165.63636,179228,0.018181818,179227.9818,179228.0182,0.621003256,0.008077263,0.612925993,0.629080519,0.378996744,0.007417425,0.371579318,0.386414169,0.906387618,0.899284434,0.913490801,0.006039046,0.00092202,0.005117026,0.006961066,0.018690918,0.001463509,0.01722741,0.020154427,0.099048958,0.004502954,0.094546003,0.103551912,2.53,0.018181818,2.511818182,2.548181818,5.383862359,0.014721168,5.369141191,5.398583528,0.704049165,0.005932596,0.698116568,0.709981761,1978.241705,2.815004876,1975.4267,1981.05671,0.521911265,0.0078723,0.514038965,0.529783565,0.288511468,0.006550021,0.281961448,0.295061489,0.001893478,0.000565166,0.001328311,0.002458644,1.884038845,0.016459545,1.8675793,1.90049839,187,"15,164",0,"10,700",0,"130,237","3,044",169,1,13,38,0,23,14,"159,590",0.12%,9.50%,0.00%,6.70%,0.00%,81.61%,1.91%,0.11%,0.00%,0.01%,0.02%,0.00%,0.01%,0.01%,100.00%,0.12%
6091,05000US06091,"Sierra County, California",ca,California,2014,2931,115.7575758,2815.242424,3046.757576,0.686340641,0.149015941,0.5373247,0.835356582,33.01388889,3.316658996,29.69722989,36.33054789,0.369411765,0.041885561,0.327526204,0.411297326,68056.86275,4658.437665,63398.42508,72715.30041,43984,7131.515152,36852.48485,51115.51515,2931,0.127272727,2930.872727,2931.127273,0.803137255,0.087792052,0.715345203,0.890929307,0.196862745,0.041691074,0.155171671,0.238553819,0.969411765,0.877760956,1.061062574,0,NA,NA,NA,0,NA,NA,NA,0.047058824,0.018653272,0.028405551,0.065712096,2.27,0.127272727,2.142727273,2.397272727,5.233290762,0.100204886,5.133085876,5.333495648,0.8599404,0.033374642,0.826565758,0.893315042,1964.068753,25.33736843,1938.731384,1989.406121,0.396862745,0.069917119,0.326945626,0.466779864,0.109803922,0.0322603,0.077543622,0.142064221,0,NA,NA,NA,2.000784314,0.16397707,1.836807243,2.164761384,0,499,0,168,0,"3,433",39,3,0,0,2,0,0,1,"4,145",0.00%,12.04%,0.00%,4.05%,0.00%,82.82%,0.94%,0.07%,0.00%,0.00%,0.05%,0.00%,0.00%,0.02%,100.00%,0.00%
6093,05000US06093,"Siskiyou County, California",ca,California,2014,43668,0,43668,43668,0.730374128,0.03107349,0.699300638,0.761447618,22.52879326,0.455602596,22.07319066,22.98439586,0.369073248,0.001284826,0.367788422,0.370358073,52681.88501,645.44184,52036.44317,53327.32685,38524,1259.393939,37264.60606,39783.39394,43668,0.03030303,43667.9697,43668.0303,0.636545025,0.01476564,0.621779385,0.651310665,0.363454975,0.013876586,0.34957839,0.377331561,0.890259911,0.874441903,0.906077918,0.014807036,0.002139815,0.012667221,0.016946851,0.007981097,0.00175297,0.006228127,0.009734067,0.124389604,0.006666917,0.117722687,0.131056521,2.26,0.03030303,2.22969697,2.29030303,5.075892486,0.02181749,5.054074996,5.097709976,0.744736623,0.008434632,0.736301991,0.753171255,1968.943164,4.021734405,1964.921429,1972.964898,0.076398005,0.006258789,0.070139216,0.082656794,0.272932528,0.011598552,0.261333976,0.28453108,0.002520347,0.000859764,0.001660583,0.00338011,1.942032029,0.03279595,1.90923608,1.974827979,43,"6,181",0,"2,604",1,"39,657",591,24,1,0,18,0,13,8,"49,141",0.09%,12.58%,0.00%,5.30%,0.00%,80.70%,1.20%,0.05%,0.00%,0.00%,0.04%,0.00%,0.03%,0.02%,100.00%,0.09%
6095,05000US06095,"Solano County, California",ca,California,2014,429596,0,429596,429596,0.76864914,0.009696084,0.758953057,0.778345224,37.50615743,0.231030605,37.27512683,37.73718804,0.500079138,0.000327963,0.499751176,0.500407101,84394.41214,333.3260694,84061.08607,84727.73821,69227,967.2727273,68259.72727,70194.27273,429596,0.012121212,429595.9879,429596.0121,0.592388948,0.00566107,0.586727878,0.598050019,0.407611052,0.005567937,0.402043115,0.413178989,0.597495097,0.593566757,0.601423437,0.148016378,0.002691771,0.145324607,0.15070815,0.132298799,0.002186233,0.130112566,0.134485032,0.168826343,0.003874811,0.164951532,0.172701154,2.88,0.012121212,2.867878788,2.892121212,5.629991424,0.010142644,5.61984878,5.640134068,0.702374735,0.003672002,0.698702733,0.706046737,1976.900597,1.552803241,1975.347794,1978.4534,0.697656815,0.006262993,0.691393822,0.703919807,0.276372019,0.004931114,0.271440906,0.281303133,0.005814954,0.000717722,0.005097231,0.006532676,2.043650002,0.012607184,2.031042818,2.056257185,967,"15,600",2,"22,361",7,"314,039","11,043","1,595",0,31,56,0,321,24,"366,046",0.26%,4.26%,0.00%,6.11%,0.00%,85.79%,3.02%,0.44%,0.00%,0.01%,0.02%,0.00%,0.09%,0.01%,100.00%,0.26%
6097,05000US06097,"Sonoma County, California",ca,California,2014,497776,0,497776,497776,0.755809813,0.008702462,0.74710735,0.764512275,30.00201201,0.164010026,29.83800198,30.16602203,0.613310199,0.000143736,0.613166463,0.613453935,85444.59197,281.600324,85162.99165,85726.1923,66833,703.6363636,66129.36364,67536.63636,497776,0.012121212,497775.9879,497776.0121,0.596552107,0.004853098,0.59169901,0.601405205,0.403447893,0.004274015,0.399173878,0.407721908,0.837396783,0.832870597,0.841922968,0.012330528,0.000956234,0.011374294,0.013286762,0.03310358,0.001156092,0.031947488,0.034259672,0.149066614,0.003330016,0.145736598,0.152396631,2.59,0.012121212,2.577878788,2.602121212,5.226583856,0.010108664,5.216475192,5.23669252,0.681953849,0.003914239,0.678039609,0.685868088,1973.190932,2.148517444,1971.042415,1975.339449,0.731034738,0.005757143,0.725277595,0.736791881,0.208719709,0.003886053,0.204833656,0.212605762,0.007855356,0.000811516,0.00704384,0.008666872,1.978814344,0.010844251,1.967970093,1.989658595,"3,107","27,018",19,"24,786",11,"375,702","18,940","3,303",0,39,72,0,172,38,"453,207",0.69%,5.96%,0.00%,5.47%,0.00%,82.90%,4.18%,0.73%,0.00%,0.01%,0.02%,0.00%,0.04%,0.01%,100.00%,0.69%
6099,05000US06099,"Stanislaus County, California",ca,California,2014,530561,0,530561,530561,0.80118991,0.011087064,0.790102846,0.812276974,31.84619833,0.240709034,31.6054893,32.08690736,0.321368184,0.000335355,0.321032828,0.321703539,67156.72702,215.300145,66941.42688,67372.02717,51591,483.030303,51107.9697,52074.0303,530561,0.012121212,530560.9879,530561.0121,0.565661547,0.005579729,0.560081818,0.571241276,0.434338453,0.004888651,0.429449802,0.439227104,0.790944531,0.786166862,0.795722199,0.027194589,0.00123067,0.025963919,0.028425259,0.048529895,0.001414073,0.047115822,0.049943968,0.161165516,0.004010409,0.157155107,0.165175925,3.08,0.012121212,3.067878788,3.092121212,5.497538612,0.010703336,5.486835276,5.508241947,0.754193784,0.004045418,0.750148367,0.758239202,1976.899366,1.368274334,1975.531091,1978.26764,0.732486731,0.006103507,0.726383224,0.738590239,0.2437591,0.005126783,0.238632317,0.248885883,0.004450237,0.00063352,0.003816717,0.005083757,1.944888685,0.011508907,1.933379779,1.956397592,760,"25,127",3,"32,557",2,"353,314","6,943",645,0,13,64,0,175,29,"419,632",0.18%,5.99%,0.00%,7.76%,0.00%,84.20%,1.65%,0.15%,0.00%,0.00%,0.02%,0.00%,0.04%,0.01%,100.00%,0.18%
6101,05000US06101,"Sutter County, California",ca,California,2014,95406,0,95406,95406,0.778652043,0.020932408,0.757719634,0.799584451,31.6973542,0.440695956,31.25665825,32.13805016,0.342450356,0.001025234,0.341425122,0.34347559,68204.88323,465.9173767,67738.96585,68670.8006,52943,996.969697,51946.0303,53939.9697,95406,0.024242424,95405.97576,95406.02424,0.57106282,0.010286582,0.560776238,0.581349402,0.42893718,0.010357594,0.418579586,0.439294774,0.773260897,0.763670693,0.782851101,0.020794305,0.002369616,0.018424689,0.023163921,0.110653178,0.004940262,0.105712917,0.11559344,0.139315599,0.007921764,0.131393835,0.147237363,2.95,0.024242424,2.925757576,2.974242424,5.562518327,0.021837901,5.540680426,5.584356229,0.721541259,0.008502838,0.71303842,0.730044097,1976.110668,4.354853243,1971.755815,1980.465521,0.687617085,0.01129874,0.676318345,0.698915825,0.266360684,0.009504747,0.256855937,0.275865432,0.004964406,0.001343949,0.003620457,0.006308355,1.994130136,0.024664294,1.969465842,2.01879443,67,"8,030",0,"5,970",1,"65,595","1,258",74,0,0,15,0,24,11,"81,045",0.08%,9.91%,0.00%,7.37%,0.00%,80.94%,1.55%,0.09%,0.00%,0.00%,0.02%,0.00%,0.03%,0.01%,100.00%,0.08%
6103,05000US06103,"Tehama County, California",ca,California,2014,63015,0,63015,63015,0.808197444,0.036389842,0.771807602,0.844587286,28.34267669,0.711905086,27.6307716,29.05458177,0.250795402,0.001356811,0.249438591,0.252152212,55626.75519,682.1867917,54944.56839,56308.94198,40687,1283.636364,39403.36364,41970.63636,63015,0.03030303,63014.9697,63015.0303,0.663640606,0.016048694,0.647591912,0.679689299,0.336359394,0.015075725,0.32128367,0.351435119,0.911042294,0.894791459,0.92729313,0.001442328,0.000900022,0.000542306,0.00234235,0.008738811,0.001418102,0.007320709,0.010156914,0.099435795,0.008251159,0.091184637,0.107686954,2.64,0.03030303,2.60969697,2.67030303,5.183213958,0.03048294,5.152731018,5.213696897,0.663471074,0.012256007,0.651215067,0.675727082,1976.070248,6.026632405,1970.043616,1982.09688,0.514868706,0.016684164,0.498184542,0.53155287,0.247656217,0.013734893,0.233921324,0.26139111,0.004072456,0.001594799,0.002477657,0.005667255,1.907394053,0.035215291,1.872178761,1.942609344,36,"6,211",0,"4,242",0,"42,747",751,38,0,1,14,0,7,5,"54,052",0.07%,11.49%,0.00%,7.85%,0.00%,79.08%,1.39%,0.07%,0.00%,0.00%,0.03%,0.00%,0.01%,0.01%,100.00%,0.07%
6105,05000US06105,"Trinity County, California",ca,California,2014,13180,0,13180,13180,0.695642702,0.086514922,0.609127779,0.782157624,22.92648162,1.214317775,21.71216385,24.1407994,0.373811266,0.007820576,0.36599069,0.381631841,50800.65838,1266.891462,49533.76691,52067.54984,35270,2326.060606,32943.93939,37596.06061,13180,0.054545455,13179.94545,13180.05455,0.675932699,0.029552502,0.646380197,0.705485202,0.324067301,0.027483644,0.296583656,0.351550945,0.897951719,0.86604955,0.929853888,0.007132407,0.004547826,0.002584581,0.011680233,0.010424287,0.003224789,0.007199497,0.013649076,0.105705925,0.015293464,0.090412462,0.120999389,2.35,0.054545455,2.295454545,2.404545455,4.472462449,0.039516552,4.432945897,4.511979,0.734524351,0.017979435,0.716544916,0.752503786,1975.572087,6.948554262,1968.623533,1982.520641,0.164959766,0.019204882,0.145754883,0.184164648,0.27798098,0.026846524,0.251134456,0.304827505,0.000365764,0.000332638,3.31E-05,0.000698403,2.018653987,0.070045492,1.948608495,2.088699479,7,"1,836",0,689,0,"11,927",140,17,0,1,5,0,0,0,"14,622",0.05%,12.56%,0.00%,4.71%,0.00%,81.57%,0.96%,0.12%,0.00%,0.01%,0.03%,0.00%,0.00%,0.00%,100.00%,0.05%
6107,05000US06107,"Tulare County, California",ca,California,2014,455769,0,455769,455769,0.776391896,0.014053687,0.762338209,0.790445584,27.33767144,0.230158893,27.10751255,27.56783033,0.274410561,0.000358595,0.274051966,0.274769156,58702.28769,200.4898955,58501.79779,58902.77758,42789,631.5151515,42157.48485,43420.51515,455769,0.018181818,455768.9818,455769.0182,0.564735787,0.006181599,0.558554188,0.570917386,0.435264213,0.005922544,0.429341669,0.441186757,0.819586591,0.813969389,0.825203794,0.016667536,0.0013565,0.015311037,0.018024036,0.033610877,0.001900896,0.031709981,0.035511773,0.153891452,0.004837599,0.149053853,0.158729051,3.36,0.018181818,3.341818182,3.378181818,5.421918015,0.011891509,5.410026506,5.433809524,0.760464366,0.004625703,0.755838663,0.765090069,1977.269341,1.505565233,1975.763776,1978.774906,0.756188829,0.006453239,0.74973559,0.762642068,0.204885467,0.005390034,0.199495433,0.210275501,0.010249491,0.001084809,0.009164683,0.0113343,1.890334171,0.012587173,1.877746997,1.902921344,557,"20,423",9,"27,846",0,"279,639","4,155",266,0,43,80,0,188,39,"333,245",0.17%,6.13%,0.00%,8.36%,0.00%,83.91%,1.25%,0.08%,0.00%,0.01%,0.02%,0.00%,0.06%,0.01%,100.00%,0.17%
6109,05000US06109,"Tuolumne County, California",ca,California,2014,53864,0,53864,53864,0.797378768,0.040044498,0.75733427,0.837423266,29.33017056,0.801995839,28.52817472,30.1321664,0.363809265,0.002024319,0.361784946,0.365833584,66263.39265,925.6556018,65337.73705,67189.04826,50731,1087.878788,49643.12121,51818.87879,53864,0.036363636,53863.96364,53864.03636,0.678530997,0.017200846,0.661330151,0.695731843,0.321469003,0.015459293,0.306009711,0.336928296,0.926323416,0.90787717,0.944769662,0.007562378,0.002198113,0.005364265,0.009760492,0.006475569,0.001347828,0.005127742,0.007823397,0.088937192,0.008185336,0.080751855,0.097122528,2.29,0.036363636,2.253636364,2.326363636,5.267140762,0.028365178,5.238775583,5.29550594,0.800210473,0.010428709,0.789781764,0.810639181,1975.927212,5.308335324,1970.618876,1981.235547,0.48349409,0.017084046,0.466410044,0.500578137,0.206448399,0.014694237,0.191754162,0.221142636,0.007018974,0.002307436,0.004711538,0.00932641,2.030430648,0.040545946,1.989884702,2.070976594,68,"5,399",0,"3,580",0,"50,805",842,63,0,1,10,0,7,2,"60,777",0.11%,8.88%,0.00%,5.89%,0.00%,83.59%,1.39%,0.10%,0.00%,0.00%,0.02%,0.00%,0.01%,0.00%,100.00%,0.11%
6111,05000US06111,"Ventura County, California",ca,California,2014,843110,0,843110,843110,0.775261364,0.007350634,0.76791073,0.782611998,31.17589054,0.137886804,31.03800374,31.31377735,0.663890725,0.000207664,0.663683061,0.664098388,96763.5963,222.090815,96541.50548,96985.68711,78593,583.030303,78009.9697,79176.0303,843110,0.018181818,843109.9818,843110.0182,0.634433314,0.004019586,0.630413729,0.6384529,0.365566686,0.003464902,0.362101784,0.369031588,0.833250414,0.829978148,0.83652268,0.017780633,0.000671796,0.017108836,0.018452429,0.068144859,0.001160434,0.066984425,0.069305293,0.107333536,0.002512578,0.104820958,0.109846115,3.09,0.018181818,3.071818182,3.108181818,5.675571273,0.007725368,5.667845904,5.683296641,0.638810362,0.002415817,0.636394546,0.641226179,1975.410907,1.252903834,1974.158003,1976.663811,0.765480549,0.003560891,0.761919658,0.76904144,0.16921489,0.002543287,0.166671603,0.171758177,0.056022544,0.001638688,0.054383857,0.057661232,2.119381595,0.008369148,2.111012447,2.127750743,"3,015","28,516",26,"42,979",21,"619,401","24,186","3,768",1,70,125,3,269,68,"722,448",0.42%,3.95%,0.00%,5.95%,0.00%,85.74%,3.35%,0.52%,0.00%,0.01%,0.02%,0.00%,0.04%,0.01%,100.00%,0.42%
6113,05000US06113,"Yolo County, California",ca,California,2014,209671,0,209671,209671,0.666481366,0.017377523,0.649103843,0.683858889,26.84304338,0.243370784,26.5996726,27.08641417,0.674418284,0.001107493,0.673310791,0.675525777,78378.1636,378.4752459,77999.68835,78756.63884,57663,1008.484848,56654.51515,58671.48485,209671,0.018181818,209670.9818,209671.0182,0.512709528,0.006365938,0.50634359,0.519075466,0.487290472,0.007639715,0.479650757,0.494930187,0.728275254,0.721017061,0.735533447,0.028231142,0.002359878,0.025871265,0.03059102,0.118907146,0.003382491,0.115524655,0.122289637,0.166864248,0.006366312,0.160497936,0.17323056,2.78,0.018181818,2.761818182,2.798181818,5.277622323,0.017260766,5.260361557,5.294883088,0.585946285,0.006199667,0.579746618,0.592145952,1977.884633,4.122287463,1973.762346,1982.006921,0.655023158,0.008723106,0.646300053,0.663746264,0.308433502,0.007501205,0.300932297,0.315934708,0.007319696,0.001403982,0.005915714,0.008723678,1.833728496,0.016370408,1.817358088,1.850098904,782,"10,671",5,"12,804",30,"130,976","6,413",754,0,51,34,0,157,17,"162,694",0.48%,6.56%,0.00%,7.87%,0.02%,80.50%,3.94%,0.46%,0.00%,0.03%,0.02%,0.00%,0.10%,0.01%,100.00%,0.48%
6115,05000US06115,"Yuba County, California",ca,California,2014,73897,0,73897,73897,0.772522689,0.02937821,0.743144479,0.801900899,36.17441725,0.718105426,35.45631182,36.89252267,0.277099981,0.001513301,0.27558668,0.278613281,60824.12785,577.6249988,60246.50285,61401.75285,48739,1230.909091,47508.09091,49969.90909,73897,0.03030303,73896.9697,73897.0303,0.583278113,0.013691026,0.569587087,0.59696914,0.416721887,0.012905944,0.403815942,0.429627831,0.780744494,0.767957472,0.793531517,0.026700448,0.002963803,0.023736646,0.029664251,0.050126681,0.004278791,0.04584789,0.054405472,0.19750536,0.010582424,0.186922935,0.208087784,2.83,0.03030303,2.79969697,2.86030303,5.194728771,0.026678287,5.168050484,5.221407057,0.707978173,0.0110609,0.696917273,0.719039073,1977.903509,4.18978074,1973.713729,1982.09329,0.596297018,0.01659401,0.579703009,0.612891028,0.285636328,0.012557078,0.27307925,0.298193406,0.014383161,0.003687795,0.010695366,0.018070956,1.962424479,0.031480679,1.9309438,1.993905158,40,"4,045",0,"4,054",0,"47,610","1,049",78,0,0,10,0,16,5,"56,907",0.07%,7.11%,0.00%,7.12%,0.00%,83.66%,1.84%,0.14%,0.00%,0.00%,0.02%,0.00%,0.03%,0.01%,100.00%,0.07%